Timestamp,Milliseconds,X,Y,Z
2019-11-02 21:22:39,1,0.043899536,-0.6573639,0.18605042
2019-11-02 21:22:39,11,0.16108704,-0.70529175,0.14982605
2019-11-02 21:22:39,20,0.3070221,-0.72766113,0.08164978
2019-11-02 21:22:39,30,0.36668396,-0.7223358,0.053955078
2019-11-02 21:22:39,41,0.40289307,-0.6626892,0.04437256
2019-11-02 21:22:39,51,0.36561584,-0.5913086,0.07525635
2019-11-02 21:22:39,60,0.30490112,-0.52633667,0.13172913
2019-11-02 21:22:39,71,0.26441956,-0.44963074,0.1892395
2019-11-02 21:22:39,80,0.256958,-0.39743042,0.22332764
2019-11-02 21:22:39,90,0.26228333,-0.3409729,0.23292542
2019-11-02 21:22:39,100,0.2835846,-0.32606506,0.20948792
2019-11-02 21:22:39,111,0.3272705,-0.33032227,0.16793823
2019-11-02 21:22:39,120,0.37626648,-0.34843445,0.10508728
2019-11-02 21:22:39,131,0.45509338,-0.38571167,0.026260376
2019-11-02 21:22:39,140,0.48599243,-0.41767883,-0.015289307
2019-11-02 21:22:39,151,0.50942993,-0.4197998,-0.053634644
2019-11-02 21:22:39,160,0.4987793,-0.37399292,-0.07067871
2019-11-02 21:22:39,170,0.479599,-0.2909088,-0.05256653
2019-11-02 21:22:39,181,0.45402527,-0.14923096,-0.02168274
2019-11-02 21:22:39,190,0.42633057,0.035064697,0.018798828
2019-11-02 21:22:39,200,0.39756775,0.23426819,0.057159424
2019-11-02 21:22:39,210,0.36880493,0.38552856,0.07632446
2019-11-02 21:22:39,221,0.32406616,0.41856384,0.047561646
2019-11-02 21:22:39,230,0.29637146,0.37168884,0.0049591064
2019-11-02 21:22:39,240,0.2793274,0.26409912,-0.046173096
2019-11-02 21:22:39,250,0.26228333,0.11282349,-0.07707214
2019-11-02 21:22:39,260,0.23884583,-0.051223755,-0.09411621
2019-11-02 21:22:39,271,0.18559265,-0.262146,-0.11541748
2019-11-02 21:22:39,280,0.14830017,-0.3633423,-0.13139343
2019-11-02 21:22:39,290,0.0801239,-0.4581604,-0.15803528
2019-11-02 21:22:39,300,-0.03704834,-0.49650574,-0.1995697
2019-11-02 21:22:39,311,-0.12333679,-0.47946167,-0.21128845
2019-11-02 21:22:39,320,-0.268219,-0.4102173,-0.20384216
2019-11-02 21:22:39,331,-0.36408997,-0.36547852,-0.1953125
2019-11-02 21:22:39,340,-0.4407959,-0.3633423,-0.22088623
2019-11-02 21:22:39,350,-0.53559875,-0.40275574,-0.3167572
2019-11-02 21:22:39,361,-0.55903625,-0.31221008,-0.3678894
2019-11-02 21:22:39,370,-0.5696869,-0.19396973,-0.3764038
2019-11-02 21:22:40,380,-0.5920563,-0.1566925,-0.37428284
2019-11-02 21:22:40,391,-0.61763,-0.11727905,-0.38172913
2019-11-02 21:22:40,400,-0.6027069,0.0030975342,-0.3998413
2019-11-02 21:22:40,410,-0.56010437,0.17781067,-0.394516
2019-11-02 21:22:40,421,-0.48553467,0.37275696,-0.3529663
2019-11-02 21:22:40,430,-0.39178467,0.5357361,-0.27627563
2019-11-02 21:22:40,440,-0.28952026,0.58047485,-0.20596313
2019-11-02 21:22:40,451,-0.2181549,0.438797,-0.17720032
2019-11-02 21:22:40,460,-0.22987366,0.20976257,-0.2144928
2019-11-02 21:22:40,471,-0.33746338,-0.10661316,-0.28479004
2019-11-02 21:22:40,480,-0.45037842,-0.35801697,-0.3401947
2019-11-02 21:22:40,490,-0.5664978,-0.60835266,-0.3860016
2019-11-02 21:22:40,501,-0.5611572,-0.5188751,-0.40730286
2019-11-02 21:22:40,510,-0.49404907,-0.3282013,-0.40516663
2019-11-02 21:22:40,520,-0.40138245,-0.13537598,-0.35723877
2019-11-02 21:22:40,531,-0.28100586,0.12667847,-0.31782532
2019-11-02 21:22:40,540,-0.17660522,0.43347168,-0.30503845
2019-11-02 21:22:40,551,-0.14570618,0.7306824,-0.3401947
2019-11-02 21:22:40,561,-0.075408936,0.6987152,-0.3678894
2019-11-02 21:22:40,570,0.05029297,0.6198883,-0.4605713
2019-11-02 21:22:40,580,0.11741638,0.53041077,-0.5894623
2019-11-02 21:22:40,591,0.21435547,0.37275696,-0.73539734
2019-11-02 21:22:40,600,0.34857178,0.22894287,-0.8951874
2019-11-02 21:22:40,610,0.5541687,0.063827515,-1.0038452
2019-11-02 21:22:40,621,0.7075653,-0.1641388,-1.0336761
2019-11-02 21:22:40,630,0.8567047,-0.7095642,-0.9963989
2019-11-02 21:22:40,640,0.8748169,-1.2432556,-0.8323364
2019-11-02 21:22:40,651,0.8503113,-1.1580353,-0.7684326
2019-11-02 21:22:40,660,0.8321991,-0.87680054,-0.72901917
2019-11-02 21:22:40,670,0.75123596,-0.4656067,-0.5969238
2019-11-02 21:22:40,681,0.5861206,-0.046966553,-0.2922516
2019-11-02 21:22:40,690,0.4764099,0.19165039,-0.11967468
2019-11-02 21:22:40,700,0.2985077,0.54852295,0.055023193
2019-11-02 21:22:40,711,0.15362549,0.694458,0.096572876
2019-11-02 21:22:40,720,0.049224854,0.65078735,0.06460571
2019-11-02 21:22:40,731,-0.007232666,0.4867401,0.007080078
2019-11-02 21:22:40,740,0.004486084,0.44944763,-0.017410278
2019-11-02 21:22:40,751,0.060943604,0.10749817,-0.024871826
2019-11-02 21:22:40,760,0.16427612,0.009490967,-0.011016846
2019-11-02 21:22:40,770,0.34857178,0.15863037,0.07846069
2019-11-02 21:22:40,781,0.4092865,0.13945007,0.17965698
2019-11-02 21:22:40,790,0.4242096,0.07447815,0.24250793
2019-11-02 21:22:40,800,0.3869171,-0.09916687,0.3256073
2019-11-02 21:22:40,811,0.32513428,-0.24084473,0.39378357
2019-11-02 21:22:40,820,0.2793274,-0.35057068,0.435318
2019-11-02 21:22:40,831,0.22819519,-0.32606506,0.42573547
2019-11-02 21:22:40,840,0.17492676,-0.25149536,0.37460327
2019-11-02 21:22:40,850,0.048171997,-0.11193848,0.21481323
2019-11-02 21:22:40,861,-0.055160522,-0.020339966,0.055023193
2019-11-02 21:22:40,870,-0.16062927,-0.065078735,-0.07814026
2019-11-02 21:22:40,880,-0.34172058,-0.31648254,-0.16548157
2019-11-02 21:22:40,891,-0.45037842,-0.54338074,-0.11541748
2019-11-02 21:22:40,900,-0.45144653,-0.54763794,0.059280396
2019-11-02 21:22:40,910,-0.3278656,-0.34950256,0.26701355
2019-11-02 21:22:40,921,-0.075408936,-0.133255,0.47047424
2019-11-02 21:22:40,930,0.31129456,-0.0022277832,0.71655273
2019-11-02 21:22:40,941,0.6308594,0.24917603,0.8454437
2019-11-02 21:22:40,950,0.7118225,0.40364075,0.76875305
2019-11-02 21:22:40,960,0.5807953,0.37487793,0.5663452
2019-11-02 21:22:40,971,0.35708618,0.22361755,0.37034607
2019-11-02 21:22:40,980,0.13339233,-0.07891846,0.23078918
2019-11-02 21:22:40,990,-0.07434082,-0.49757385,0.16474915
2019-11-02 21:22:40,1001,-0.25650024,-0.9034424,0.1572876
2019-11-02 21:22:40,1011,-0.3981781,-1.1633606,0.18711853
2019-11-02 21:22:40,1020,-0.4493103,-1.2560425,0.24143982
2019-11-02 21:22:40,1031,-0.4919281,-0.8480377,0.34584045
2019-11-02 21:22:40,1040,-0.5526428,-0.45283508,0.47261047
2019-11-02 21:22:40,1050,-0.42694092,-0.2632141,0.59298706
2019-11-02 21:22:40,1060,-0.28952026,-0.10128784,0.62493896
2019-11-02 21:22:40,1071,-0.087127686,0.14265442,0.5865936
2019-11-02 21:22:40,1080,0.024734497,0.28858948,0.5471802
2019-11-02 21:22:40,1090,0.123794556,0.47181702,0.5056305
2019-11-02 21:22:40,1101,0.17706299,0.6294861,0.4555664
2019-11-02 21:22:40,1110,0.18025208,0.60710144,0.4278717
2019-11-02 21:22:40,1120,0.13339233,0.50590515,0.4076233
2019-11-02 21:22:40,1130,0.034317017,0.57196045,0.3618164
2019-11-02 21:22:40,1141,-0.07752991,0.6103058,0.34797668
2019-11-02 21:22:40,1150,-0.14891052,0.5964508,0.3607483
2019-11-02 21:22:40,1160,-0.17553711,0.6571808,0.4406433
2019-11-02 21:22:40,1171,-0.10417175,0.7221527,0.5514374
2019-11-02 21:22:40,1180,0.016204834,0.6752777,0.66116333
2019-11-02 21:22:40,1190,0.11528015,0.5783386,0.7059021
2019-11-02 21:22:40,1200,0.23139954,0.39512634,0.7101593
2019-11-02 21:22:40,1210,0.29423523,0.13519287,0.6409149
2019-11-02 21:22:40,1221,0.26335144,-0.13858032,0.5514374
2019-11-02 21:22:40,1230,0.18771362,-0.44856262,0.44171143
2019-11-02 21:22:40,1240,0.079055786,-0.70103455,0.32026672
2019-11-02 21:22:40,1250,-0.05303955,-0.8906555,0.19563293
2019-11-02 21:22:40,1261,-0.17874146,-0.9854584,0.10189819
2019-11-02 21:22:40,1270,-0.27033997,-0.9641571,0.04437256
2019-11-02 21:22:40,1280,-0.31828308,-0.8246002,0.0124053955
2019-11-02 21:22:40,1290,-0.2969818,-0.5881195,-0.019546509
2019-11-02 21:22:40,1301,-0.23199463,-0.31967163,-0.04937744
2019-11-02 21:22:40,1310,-0.18725586,-0.19610596,-0.067489624
2019-11-02 21:22:40,1320,-0.033859253,0.045715332,-0.11329651
2019-11-02 21:22:40,1331,0.100357056,0.11602783,-0.1356659
2019-11-02 21:22:40,1340,0.23991394,0.15437317,-0.15270996
2019-11-02 21:22:40,1351,0.35176086,0.18313599,-0.1633606
2019-11-02 21:22:40,1360,0.3815918,0.15116882,-0.19317627
2019-11-02 21:22:40,1370,0.3027649,0.008422852,-0.2730713
2019-11-02 21:22:41,1380,0.15576172,-0.16946411,-0.394516
2019-11-02 21:22:41,1390,-0.011489868,-0.2429657,-0.5180969
2019-11-02 21:22:41,1401,-0.13505554,-0.20036316,-0.6139679
2019-11-02 21:22:41,1410,-0.20323181,-0.060806274,-0.68959045
2019-11-02 21:22:41,1420,-0.20855713,0.11495972,-0.7471161
2019-11-02 21:22:41,1430,-0.18086243,0.23852539,-0.78334045
2019-11-02 21:22:41,1441,-0.11907959,0.23745728,-0.78759766
2019-11-02 21:22:41,1451,-0.10203552,0.14265442,-0.7758789
2019-11-02 21:22:41,1460,-0.12226868,-0.055480957,-0.7620392
2019-11-02 21:22:41,1470,-0.19258118,-0.27600098,-0.73753357
2019-11-02 21:22:41,1481,-0.28633118,-0.46774292,-0.70025635
2019-11-02 21:22:41,1490,-0.3715515,-0.6286011,-0.6448517
2019-11-02 21:22:41,1501,-0.3896637,-0.76174927,-0.5670929
2019-11-02 21:22:41,1510,-0.31082153,-0.74684143,-0.45843506
2019-11-02 21:22:41,1521,-0.16488647,-0.5923767,-0.33486938
2019-11-02 21:22:41,1530,-0.0050964355,-0.34524536,-0.23365784
2019-11-02 21:22:41,1540,0.09609985,-0.10235596,-0.1761322
2019-11-02 21:22:41,1550,0.10569763,0.036132812,-0.171875
2019-11-02 21:22:41,1561,0.011947632,0.0904541,-0.22833252
2019-11-02 21:22:41,1570,-0.06581116,0.10430908,-0.26242065
2019-11-02 21:22:41,1580,-0.16595459,0.12879944,-0.29864502
2019-11-02 21:22:41,1591,-0.2415924,0.17141724,-0.31143188
2019-11-02 21:22:41,1600,-0.23945618,0.20657349,-0.28479004
2019-11-02 21:22:41,1610,-0.20429993,0.2193451,-0.22727966
2019-11-02 21:22:41,1620,-0.18299866,0.2076416,-0.14524841
2019-11-02 21:22:41,1631,-0.1670227,0.169281,-0.062149048
2019-11-02 21:22:41,1640,-0.174469,0.1138916,-0.013153076
2019-11-02 21:22:41,1650,-0.17234802,-0.02671814,0.033721924
2019-11-02 21:22:41,1660,-0.14465332,-0.15881348,0.027328491
2019-11-02 21:22:41,1671,-0.09138489,-0.30262756,-0.013153076
2019-11-02 21:22:41,1680,0.005554199,-0.37826538,-0.07281494
2019-11-02 21:22:41,1690,0.121673584,-0.35801697,-0.13034058
2019-11-02 21:22:41,1700,0.23352051,-0.25682068,-0.15589905
2019-11-02 21:22:41,1711,0.303833,-0.041641235,-0.12394714
2019-11-02 21:22:41,1720,0.2889099,0.25024414,-0.011016846
2019-11-02 21:22:41,1730,0.20796204,0.5442505,0.16793823
2019-11-02 21:22:41,1741,0.09503174,0.7871399,0.37246704
2019-11-02 21:22:41,1750,-0.018951416,0.95651245,0.5429077
2019-11-02 21:22:41,1761,-0.018951416,0.95651245,0.5429077
2019-11-02 21:22:41,1771,-0.018951416,0.95651245,0.5429077
2019-11-02 21:22:41,1780,-0.2778015,0.31523132,0.32133484
2019-11-02 21:22:41,1790,-0.30444336,-0.19290161,0.096572876
2019-11-02 21:22:41,1801,-0.2916565,-0.611557,-0.02168274
2019-11-02 21:22:41,1810,-0.2490387,-0.8384552,0.018798828
2019-11-02 21:22:41,1820,-0.16275024,-0.8150177,0.1849823
2019-11-02 21:22:41,1831,-0.09777832,-0.6062317,0.38311768
2019-11-02 21:22:41,1840,-0.07646179,-0.32713318,0.5429077
2019-11-02 21:22:41,1850,-0.084991455,-0.055480957,0.66967773
2019-11-02 21:22:41,1861,-0.108428955,0.073410034,0.7879181
2019-11-02 21:22:41,1870,-0.14251709,0.0158844,0.89338684
2019-11-02 21:22:41,1881,-0.17660522,-0.20994568,0.911499
2019-11-02 21:22:41,1890,-0.174469,-0.3633423,0.878479
2019-11-02 21:22:41,1901,-0.11268616,-0.740448,0.6643524
2019-11-02 21:22:41,1910,0.0023651123,-0.7084961,0.5386505
2019-11-02 21:22:41,1920,0.20263672,-0.38571167,0.5237427
2019-11-02 21:22:41,1931,0.46362305,0.108566284,0.57699585
2019-11-02 21:22:41,1940,0.7618866,0.61776733,0.6686096
2019-11-02 21:22:41,1951,1.0292816,1.0151062,0.75382996
2019-11-02 21:22:41,1960,1.1709595,1.1898041,0.798584
2019-11-02 21:22:41,1971,1.1528473,1.1408081,0.79112244
2019-11-02 21:22:41,1980,0.990921,0.97569275,0.7889862
2019-11-02 21:22:41,1991,0.62553406,0.42175293,0.69311523
2019-11-02 21:22:41,2000,0.4018402,0.0435791,0.57273865
2019-11-02 21:22:41,2011,0.076934814,-0.45283508,0.3341217
2019-11-02 21:22:41,2020,-0.073272705,-0.6722717,0.21162415
2019-11-02 21:22:41,2031,-0.21920776,-0.8704071,0.03265381
2019-11-02 21:22:41,2040,-0.23519897,-0.8565674,-0.044052124
2019-11-02 21:22:41,2051,-0.1670227,-0.67759705,-0.12820435
2019-11-02 21:22:41,2060,-0.07752991,-0.50076294,-0.15270996
2019-11-02 21:22:41,2071,0.06414795,-0.22380066,-0.15164185
2019-11-02 21:22:41,2081,0.19303894,0.056365967,-0.106903076
2019-11-02 21:22:41,2090,0.25802612,0.28219604,-0.038726807
2019-11-02 21:22:41,2101,0.25056458,0.4356079,0.03265381
2019-11-02 21:22:41,2110,0.18878174,0.47395325,0.092300415
2019-11-02 21:22:41,2121,0.11846924,0.35676575,0.10296631
2019-11-02 21:22:41,2130,0.06626892,0.22468567,0.092300415
2019-11-02 21:22:41,2141,0.0076904297,0.021209717,0.07952881
2019-11-02 21:22:41,2151,-0.024276733,-0.09916687,0.06567383
2019-11-02 21:22:41,2160,-0.09352112,-0.34736633,0.016677856
2019-11-02 21:22:41,2171,-0.15423584,-0.5550995,-0.04084778
2019-11-02 21:22:41,2180,-0.20323181,-0.67015076,-0.08453369
2019-11-02 21:22:41,2190,-0.26608276,-0.7681427,-0.12181091
2019-11-02 21:22:41,2200,-0.32148743,-0.7585602,-0.12927246
2019-11-02 21:22:41,2210,-0.3438568,-0.6893158,-0.08239746
2019-11-02 21:22:41,2220,-0.34065247,-0.62327576,-3.6621094E-4
2019-11-02 21:22:41,2231,-0.301239,-0.54444885,0.09336853
2019-11-02 21:22:41,2240,-0.20750427,-0.41342163,0.16261292
2019-11-02 21:22:41,2250,-0.044509888,-0.19503784,0.20309448
2019-11-02 21:22:41,2261,0.17066956,0.02760315,0.1999054
2019-11-02 21:22:41,2270,0.32939148,0.18952942,0.15942383
2019-11-02 21:22:41,2280,0.5307312,0.42494202,0.04437256
2019-11-02 21:22:41,2290,0.58825684,0.5218811,-0.016357422
2019-11-02 21:22:41,2301,0.5914459,0.6369324,-0.0738678
2019-11-02 21:22:41,2310,0.5349884,0.69766235,-0.06854248
2019-11-02 21:22:41,2320,0.3315277,0.7786102,-0.008895874
2019-11-02 21:22:41,2331,0.10675049,0.80737305,0.03265381
2019-11-02 21:22:41,2340,-0.07220459,0.821228,0.03691101
2019-11-02 21:22:41,2350,-0.15956116,0.7818146,0.023071289
2019-11-02 21:22:41,2360,-0.16488647,0.5687561,-0.014221191
2019-11-02 21:22:41,2371,-0.12333679,0.24810791,-0.060028076
2019-11-02 21:22:42,2380,-0.08924866,-0.084243774,-0.11541748
2019-11-02 21:22:42,2390,-0.11694336,-0.38998413,-0.18998718
2019-11-02 21:22:42,2400,-0.20962524,-0.6009064,-0.2741394
2019-11-02 21:22:42,2411,-0.38327026,-0.72554016,-0.38279724
2019-11-02 21:22:42,2420,-0.46102905,-0.69996643,-0.427536
2019-11-02 21:22:42,2430,-0.48660278,-0.5071564,-0.43606567
2019-11-02 21:22:42,2440,-0.40882874,-0.21208191,-0.37854004
2019-11-02 21:22:42,2450,-0.2501068,0.0030975342,-0.28373718
2019-11-02 21:22:42,2461,-0.06581116,0.10217285,-0.20809937
2019-11-02 21:22:42,2470,0.05456543,0.063827515,-0.16975403
2019-11-02 21:22:42,2481,0.0566864,-0.11088562,-0.15270996
2019-11-02 21:22:42,2490,-0.047714233,-0.391037,-0.13778687
2019-11-02 21:22:42,2500,-0.20643616,-0.7095642,-0.13885498
2019-11-02 21:22:42,2511,-0.38859558,-1.0610962,-0.19424438
2019-11-02 21:22:42,2520,-0.48339844,-1.1601715,-0.24111938
2019-11-02 21:22:42,2530,-0.6080322,-1.1186218,-0.32421875
2019-11-02 21:22:42,2541,-0.71136475,-0.9322052,-0.38386536
2019-11-02 21:22:42,2550,-0.80830383,-0.73405457,-0.42008972
2019-11-02 21:22:42,2561,-0.9286804,-0.262146,-0.4456482
2019-11-02 21:22:42,2570,-0.96383667,0.14051819,-0.441391
2019-11-02 21:22:42,2580,-0.93826294,0.4707489,-0.44352722
2019-11-02 21:22:42,2590,-0.8530426,0.6625061,-0.45310974
2019-11-02 21:22:42,2601,-0.6911316,0.6763458,-0.45950317
2019-11-02 21:22:42,2610,-0.42268372,0.56129456,-0.42648315
2019-11-02 21:22:42,2620,-0.09989929,0.4121704,-0.3636322
2019-11-02 21:22:42,2630,0.18345642,0.24705505,-0.2890625
2019-11-02 21:22:42,2641,0.3730774,0.08831787,-0.19851685
2019-11-02 21:22:42,2651,0.46574402,-0.0309906,-0.09197998
2019-11-02 21:22:42,2660,0.45936584,-0.11088562,-0.0014343262
2019-11-02 21:22:42,2670,0.34643555,-0.15029907,0.035842896
2019-11-02 21:22:42,2680,0.17919922,-0.14497375,0.015609741
2019-11-02 21:22:42,2691,2.2888184E-4,-0.07998657,-0.04298401
2019-11-02 21:22:42,2700,-0.11907959,-0.011810303,-0.09623718
2019-11-02 21:22:42,2711,-0.23838806,0.10643005,-0.15696716
2019-11-02 21:22:42,2720,-0.23092651,0.1373291,-0.1761322
2019-11-02 21:22:42,2731,-0.12654114,0.10430908,-0.1633606
2019-11-02 21:22:42,2740,0.021530151,0.06915283,-0.12287903
2019-11-02 21:22:42,2750,0.19943237,0.06915283,-0.044052124
2019-11-02 21:22:42,2761,0.350708,0.096847534,0.045440674
2019-11-02 21:22:42,2770,0.4572296,0.11921692,0.12319946
2019-11-02 21:22:42,2781,0.5030365,0.15969849,0.18605042
2019-11-02 21:22:42,2790,0.5083618,0.22254944,0.23292542
2019-11-02 21:22:42,2801,0.47001648,0.2577057,0.25209045
2019-11-02 21:22:42,2810,0.3869171,0.24066162,0.24676514
2019-11-02 21:22:42,2821,0.27825928,0.2193451,0.2318573
2019-11-02 21:22:42,2830,0.19517517,0.21083069,0.22866821
2019-11-02 21:22:42,2841,0.15576172,0.19697571,0.23399353
2019-11-02 21:22:42,2850,0.16427612,0.14372253,0.22120667
2019-11-02 21:22:42,2860,0.20689392,0.085128784,0.20523071
2019-11-02 21:22:42,2871,0.256958,0.030807495,0.1849823
2019-11-02 21:22:42,2880,0.2750702,-0.036315918,0.15942383
2019-11-02 21:22:42,2890,0.18559265,-0.2589569,0.106155396
2019-11-02 21:22:42,2900,0.063079834,-0.4901123,0.047561646
2019-11-02 21:22:42,2910,-0.1435852,-0.80755615,-0.04937744
2019-11-02 21:22:42,2920,-0.31082153,-1.0088959,-0.12820435
2019-11-02 21:22:42,2930,-0.38220215,-1.0344696,-0.17720032
2019-11-02 21:22:42,2940,-0.3193512,-0.7447052,-0.17720032
2019-11-02 21:22:42,2950,-0.2021637,-0.42514038,-0.13671875
2019-11-02 21:22:42,2961,0.07373047,0.20336914,-0.019546509
2019-11-02 21:22:42,2970,0.26548767,0.6113739,0.06993103
2019-11-02 21:22:42,2981,0.3549652,0.8137665,0.11894226
2019-11-02 21:22:42,2990,0.36454773,0.85850525,0.13066101
2019-11-02 21:22:42,3000,0.29211426,0.78926086,0.14131165
2019-11-02 21:22:42,3010,0.12593079,0.55703735,0.14663696
2019-11-02 21:22:42,3020,0.024734497,0.3684845,0.1487732
2019-11-02 21:22:42,3031,-0.08073425,0.0712738,0.1807251
2019-11-02 21:22:42,3040,-0.09564209,-0.074661255,0.20628357
2019-11-02 21:22:42,3050,-0.07434082,-0.23977661,0.22653198
2019-11-02 21:22:42,3060,-0.02960205,-0.36761475,0.22120667
2019-11-02 21:22:42,3071,0.020477295,-0.37187195,0.21907043
2019-11-02 21:22:42,3080,0.055618286,-0.3132782,0.22972107
2019-11-02 21:22:42,3090,0.06626892,-0.215271,0.23931885
2019-11-02 21:22:42,3100,0.04284668,-0.06187439,0.24464417
2019-11-02 21:22:42,3110,0.0012969971,0.11921692,0.24143982
2019-11-02 21:22:42,3121,-0.043441772,0.2896576,0.24250793
2019-11-02 21:22:42,3130,-0.09138489,0.40150452,0.23931885
2019-11-02 21:22:42,3140,-0.12547302,0.4707489,0.24357605
2019-11-02 21:22:42,3150,-0.118011475,0.5144348,0.25209045
2019-11-02 21:22:42,3161,-0.08392334,0.52082825,0.26701355
2019-11-02 21:22:42,3170,-0.028533936,0.4867401,0.27659607
2019-11-02 21:22:42,3180,0.051361084,0.4164276,0.27340698
2019-11-02 21:22:42,3190,0.11846924,0.32055664,0.27020264
2019-11-02 21:22:42,3200,0.16960144,0.22573853,0.26594543
2019-11-02 21:22:42,3211,0.20475769,0.13626099,0.26168823
2019-11-02 21:22:42,3220,0.21754456,0.08299255,0.24890137
2019-11-02 21:22:42,3230,0.2324524,0.014816284,0.22120667
2019-11-02 21:22:42,3240,0.2292633,-0.0032958984,0.18711853
2019-11-02 21:22:42,3250,0.20263672,0.010559082,0.15196228
2019-11-02 21:22:42,3260,0.14297485,0.0435791,0.11148071
2019-11-02 21:22:42,3271,0.060943604,0.098983765,0.073135376
2019-11-02 21:22:42,3280,-0.05303955,0.15116882,0.041168213
2019-11-02 21:22:42,3290,-0.16914368,0.17353821,0.013473511
2019-11-02 21:22:42,3301,-0.2532959,0.1650238,-0.008895874
2019-11-02 21:22:42,3310,-0.28312683,0.120285034,-0.04298401
2019-11-02 21:22:42,3320,-0.27033997,0.02973938,-0.08772278
2019-11-02 21:22:42,3330,-0.22241211,-0.09063721,-0.14204407
2019-11-02 21:22:42,3341,-0.1435852,-0.26535034,-0.21556091
2019-11-02 21:22:42,3351,-0.10417175,-0.3835907,-0.26348877
2019-11-02 21:22:42,3361,-0.11694336,-0.44644165,-0.28373718
2019-11-02 21:22:42,3370,-0.1478424,-0.45069885,-0.27734375
2019-11-02 21:22:43,3380,-0.2021637,-0.40382385,-0.25497437
2019-11-02 21:22:43,3390,-0.2447815,-0.32073975,-0.22193909
2019-11-02 21:22:43,3401,-0.2447815,-0.17692566,-0.17507935
2019-11-02 21:22:43,3411,-0.18832397,-0.06933594,-0.14524841
2019-11-02 21:22:43,3420,-0.110565186,-9.1552734E-5,-0.12927246
2019-11-02 21:22:43,3430,-0.0647583,0.019088745,-0.13352966
2019-11-02 21:22:43,3441,-0.043441772,-0.022460938,-0.1761322
2019-11-02 21:22:43,3450,-0.08605957,-0.06719971,-0.2230072
2019-11-02 21:22:43,3460,-0.19258118,-0.12898254,-0.32421875
2019-11-02 21:22:43,3470,-0.32574463,-0.16841125,-0.4467163
2019-11-02 21:22:43,3480,-0.35876465,-0.17266846,-0.47973633
2019-11-02 21:22:43,3491,-0.51322937,-0.08956909,-0.64805603
2019-11-02 21:22:43,3500,-0.48660278,0.02760315,-0.66296387
2019-11-02 21:22:43,3510,-0.36941528,0.20124817,-0.62994385
2019-11-02 21:22:43,3520,-0.19151306,0.4111023,-0.5489807
2019-11-02 21:22:43,3531,0.011947632,0.5932617,-0.4499054
2019-11-02 21:22:43,3540,0.2090149,0.6806183,-0.35510254
2019-11-02 21:22:43,3550,0.36987305,0.6720886,-0.2922516
2019-11-02 21:22:43,3560,0.44869995,0.55810547,-0.25602722
2019-11-02 21:22:43,3570,0.43592834,0.3557129,-0.23898315
2019-11-02 21:22:43,3581,0.36135864,0.09152222,-0.2421875
2019-11-02 21:22:43,3590,0.256958,-0.15136719,-0.25283813
2019-11-02 21:22:43,3600,0.1589508,-0.32499695,-0.26348877
2019-11-02 21:22:43,3610,0.088653564,-0.42407227,-0.26242065
2019-11-02 21:22:43,3620,0.04496765,-0.44218445,-0.27095032
2019-11-02 21:22:43,3631,0.027923584,-0.35057068,-0.2741394
2019-11-02 21:22:43,3640,0.013015747,-0.1609497,-0.25390625
2019-11-02 21:22:43,3650,-0.0050964355,0.061691284,-0.2102356
2019-11-02 21:22:43,3660,-0.02532959,0.24598694,-0.17080688
2019-11-02 21:22:43,3671,-0.026397705,0.34931946,-0.13459778
2019-11-02 21:22:43,3680,-0.0040283203,0.38659668,-0.102630615
2019-11-02 21:22:43,3690,0.018341064,0.36741638,-0.071746826
2019-11-02 21:22:43,3700,0.025802612,0.29711914,-0.05895996
2019-11-02 21:22:43,3710,0.027923584,0.24810791,-0.05682373
2019-11-02 21:22:43,3721,0.020477295,0.056365967,-0.04937744
2019-11-02 21:22:43,3730,0.016204834,-0.0022277832,-0.04510498
2019-11-02 21:22:43,3740,2.2888184E-4,-0.1375122,-0.04298401
2019-11-02 21:22:43,3750,-0.022140503,-0.21740723,-0.038726807
2019-11-02 21:22:43,3761,-0.0413208,-0.26428223,-0.025939941
2019-11-02 21:22:43,3770,-0.03704834,-0.28025818,-0.007827759
2019-11-02 21:22:43,3781,-0.006164551,-0.27172852,0.030517578
2019-11-02 21:22:43,3790,0.01940918,-0.25149536,0.053955078
2019-11-02 21:22:43,3800,0.053497314,-0.22698975,0.084854126
2019-11-02 21:22:43,3810,0.08226013,-0.20462036,0.09869385
2019-11-02 21:22:43,3821,0.100357056,-0.18011475,0.096572876
2019-11-02 21:22:43,3830,0.102493286,-0.15881348,0.084854126
2019-11-02 21:22:43,3840,0.08226013,-0.11621094,0.06248474
2019-11-02 21:22:43,3850,0.041778564,-0.06401062,0.037979126
2019-11-02 21:22:43,3861,0.015136719,-0.043762207,0.028396606
2019-11-02 21:22:43,3870,-0.02532959,-0.020339966,0.029449463
2019-11-02 21:22:43,3880,-0.06794739,-0.004348755,0.049697876
2019-11-02 21:22:43,3890,-0.09031677,0.007369995,0.07632446
2019-11-02 21:22:43,3900,-0.092453,0.014816284,0.11468506
2019-11-02 21:22:43,3910,-0.07752991,0.011627197,0.13066101
2019-11-02 21:22:43,3921,-0.05303955,-0.018203735,0.14237976
2019-11-02 21:22:43,3930,-0.044509888,-0.04270935,0.13066101
2019-11-02 21:22:43,3940,-0.032791138,-0.08317566,0.10189819
2019-11-02 21:22:43,3950,-0.021072388,-0.10874939,0.06460571
2019-11-02 21:22:43,3961,-0.014678955,-0.13432312,0.020935059
2019-11-02 21:22:43,3970,-8.392334E-4,-0.15562439,-0.023803711
2019-11-02 21:22:43,3980,0.005554199,-0.1609497,-0.051498413
2019-11-02 21:22:43,3990,0.014083862,-0.15562439,-0.05470276
2019-11-02 21:22:43,4000,0.03112793,-0.1375122,-0.048309326
2019-11-02 21:22:43,4011,0.049224854,-0.10661316,-0.03340149
2019-11-02 21:22:43,4020,0.06626892,-0.060806274,-0.025939941
2019-11-02 21:22:43,4030,0.074798584,-0.022460938,-0.0067596436
2019-11-02 21:22:43,4040,0.053497314,0.00630188,0.018798828
2019-11-02 21:22:43,4051,0.005554199,-0.013946533,0.041168213
2019-11-02 21:22:43,4060,-0.087127686,-0.10128784,0.031585693
2019-11-02 21:22:43,4070,-0.22348022,-0.27600098,-0.012084961
2019-11-02 21:22:43,4080,-0.35876465,-0.45388794,-0.08665466
2019-11-02 21:22:43,4091,-0.45570374,-0.55296326,-0.15057373
2019-11-02 21:22:43,4100,-0.48979187,-0.54870605,-0.16015625
2019-11-02 21:22:43,4110,-0.43652344,-0.42086792,-0.12606812
2019-11-02 21:22:43,4120,-0.2873993,-0.14176941,-0.07067871
2019-11-02 21:22:43,4131,-0.07220459,0.23106384,0.007080078
2019-11-02 21:22:43,4140,0.13339233,0.5890045,0.07739258
2019-11-02 21:22:43,4150,0.2601471,0.8414612,0.12106323
2019-11-02 21:22:43,4160,0.28997803,0.9863434,0.14556885
2019-11-02 21:22:43,4171,0.24098206,1.0044556,0.14663696
2019-11-02 21:22:43,4180,0.1546936,0.90644836,0.14556885
2019-11-02 21:22:43,4190,0.11102295,0.8244171,0.14343262
2019-11-02 21:22:43,4200,-0.009353638,0.45051575,0.15089417
2019-11-02 21:22:43,4211,-0.035995483,0.21722412,0.16687012
2019-11-02 21:22:43,4221,-0.03492737,0.023345947,0.1849823
2019-11-02 21:22:43,4230,-0.010421753,-0.09170532,0.19030762
2019-11-02 21:22:43,4240,0.034317017,-0.2110138,0.1764679
2019-11-02 21:22:43,4250,0.0801239,-0.2909088,0.15942383
2019-11-02 21:22:43,4261,0.1078186,-0.30262756,0.14131165
2019-11-02 21:22:43,4270,0.11846924,-0.25468445,0.12745667
2019-11-02 21:22:43,4280,0.09184265,-0.17160034,0.12426758
2019-11-02 21:22:43,4290,0.03112793,-0.02671814,0.14237976
2019-11-02 21:22:43,4301,0.022598267,0.007369995,0.1487732
2019-11-02 21:22:43,4310,-0.038116455,0.16821289,0.20095825
2019-11-02 21:22:43,4320,-0.063690186,0.21296692,0.22439575
2019-11-02 21:22:43,4330,-0.07220459,0.22254944,0.23399353
2019-11-02 21:22:43,4341,-0.061553955,0.1884613,0.22866821
2019-11-02 21:22:43,4350,-0.03704834,0.13200378,0.21800232
2019-11-02 21:22:43,4360,-0.016815186,0.07980347,0.20735168
2019-11-02 21:22:43,4370,0.01940918,0.013763428,0.19351196
2019-11-02 21:22:44,4381,0.0524292,-0.029922485,0.17433167
2019-11-02 21:22:44,4390,0.065216064,-0.04057312,0.1615448
2019-11-02 21:22:44,4400,0.060943604,-0.023529053,0.15515137
2019-11-02 21:22:44,4410,0.043899536,0.0020446777,0.14770508
2019-11-02 21:22:44,4420,0.020477295,0.021209717,0.13172913
2019-11-02 21:22:44,4430,-0.0019073486,0.052108765,0.12426758
2019-11-02 21:22:44,4440,-0.0178833,0.08938599,0.120010376
2019-11-02 21:22:44,4451,-0.022140503,0.122406006,0.120010376
2019-11-02 21:22:44,4460,-0.0050964355,0.15863037,0.120010376
2019-11-02 21:22:44,4470,0.037521362,0.20230103,0.106155396
2019-11-02 21:22:44,4480,0.0566864,0.21083069,0.07525635
2019-11-02 21:22:44,4491,0.051361084,0.18632507,0.026260376
2019-11-02 21:22:44,4500,0.016204834,0.12454224,-0.022735596
2019-11-02 21:22:44,4510,-0.047714233,0.0393219,-0.06109619
2019-11-02 21:22:44,4520,-0.1158905,-0.036315918,-0.081329346
2019-11-02 21:22:44,4530,-0.1670227,-0.095962524,-0.0738678
2019-11-02 21:22:44,4540,-0.20750427,-0.14709473,-0.053634644
2019-11-02 21:22:44,4550,-0.23413086,-0.20887756,-0.038726807
2019-11-02 21:22:44,4561,-0.2692871,-0.30262756,-0.060028076
2019-11-02 21:22:44,4571,-0.2959137,-0.36228943,-0.08665466
2019-11-02 21:22:44,4581,-0.3236084,-0.44218445,-0.12713623
2019-11-02 21:22:44,4590,-0.34065247,-0.5103607,-0.16122437
2019-11-02 21:22:44,4601,-0.34065247,-0.531662,-0.1761322
2019-11-02 21:22:44,4610,-0.30337524,-0.47200012,-0.16868591
2019-11-02 21:22:44,4621,-0.21708679,-0.35269165,-0.12820435
2019-11-02 21:22:44,4631,-0.19578552,-0.32286072,-0.11967468
2019-11-02 21:22:44,4640,-0.06687927,-0.13005066,-0.083465576
2019-11-02 21:22:44,4651,0.0076904297,0.073410034,-0.0738678
2019-11-02 21:22:44,4661,0.018341064,0.17781067,-0.069610596
2019-11-02 21:22:44,4670,-0.007232666,0.24917603,-0.09197998
2019-11-02 21:22:44,4681,-0.06262207,0.2662201,-0.1441803
2019-11-02 21:22:44,4690,-0.13505554,0.2395935,-0.21342468
2019-11-02 21:22:44,4701,-0.15423584,0.22787476,-0.23046875
2019-11-02 21:22:44,4711,-0.32893372,0.10217285,-0.34977722
2019-11-02 21:22:44,4720,-0.48339844,-0.022460938,-0.4509735
2019-11-02 21:22:44,4731,-0.5920563,-0.11300659,-0.53619385
2019-11-02 21:22:44,4740,-0.64105225,-0.15029907,-0.57455444
2019-11-02 21:22:44,4750,-0.64212036,-0.12472534,-0.59265137
2019-11-02 21:22:44,4761,-0.58566284,-0.051223755,-0.57987976
2019-11-02 21:22:44,4770,-0.44184875,0.11282349,-0.5117035
2019-11-02 21:22:44,4781,-0.15530396,0.40577698,-0.3668213
2019-11-02 21:22:44,4790,0.112075806,0.6369324,-0.24537659
2019-11-02 21:22:44,4801,0.17492676,0.68167114,-0.21981812
2019-11-02 21:22:44,4810,0.46574402,0.85850525,-0.10583496
2019-11-02 21:22:44,4821,0.57014465,0.85105896,-0.055770874
2019-11-02 21:22:44,4831,0.5552368,0.7157593,-0.03552246
2019-11-02 21:22:44,4840,0.49664307,0.5644989,-0.03552246
2019-11-02 21:22:44,4851,0.34750366,0.24917603,-0.05470276
2019-11-02 21:22:44,4860,0.24310303,0.042510986,-0.07814026
2019-11-02 21:22:44,4871,0.08119202,-0.26107788,-0.11541748
2019-11-02 21:22:44,4881,-0.009353638,-0.42726135,-0.14738464
2019-11-02 21:22:44,4890,-0.0690155,-0.550827,-0.17720032
2019-11-02 21:22:44,4901,-0.10203552,-0.62753296,-0.2144928
2019-11-02 21:22:44,4910,-0.1158905,-0.59877014,-0.23472595
2019-11-02 21:22:44,4921,-0.12121582,-0.48797607,-0.23472595
2019-11-02 21:22:44,4931,-0.12547302,-0.36761475,-0.22727966
2019-11-02 21:22:44,4940,-0.12333679,-0.27386475,-0.22621155
2019-11-02 21:22:44,4950,-0.1158905,-0.15348816,-0.24432373
2019-11-02 21:22:44,4961,-0.13505554,-0.098098755,-0.27201843
2019-11-02 21:22:44,4970,-0.1670227,-0.08744812,-0.28799438
2019-11-02 21:22:44,4981,-0.20536804,-0.13432312,-0.27520752
2019-11-02 21:22:44,4991,-0.23838806,-0.19717407,-0.24537659
2019-11-02 21:22:44,5000,-0.2501068,-0.25149536,-0.23153687
2019-11-02 21:22:44,5011,-0.26182556,-0.30049133,-0.2379303
2019-11-02 21:22:44,5020,-0.2692871,-0.3367157,-0.25390625
2019-11-02 21:22:44,5031,-0.27140808,-0.31221008,-0.27841187
2019-11-02 21:22:44,5041,-0.2692871,-0.22592163,-0.29438782
2019-11-02 21:22:44,5050,-0.268219,-0.11193848,-0.2922516
2019-11-02 21:22:44,5061,-0.2778015,0.013763428,-0.28373718
2019-11-02 21:22:44,5070,-0.29484558,0.073410034,-0.28799438
2019-11-02 21:22:44,5081,-0.34172058,0.17460632,-0.30290222
2019-11-02 21:22:44,5090,-0.36941528,0.21722412,-0.30929565
2019-11-02 21:22:44,5101,-0.510025,0.3876648,-0.30717468
2019-11-02 21:22:44,5111,-0.6900635,0.6380005,-0.24432373
2019-11-02 21:22:44,5121,-0.7987213,0.87768555,-0.15696716
2019-11-02 21:22:44,5130,-0.82855225,1.0491943,-0.067489624
2019-11-02 21:22:44,5140,-0.7891388,1.1951294,0.06034851
2019-11-02 21:22:44,5151,-0.6730194,1.2100525,0.17433167
2019-11-02 21:22:44,5160,-0.49725342,1.1333466,0.25422668
2019-11-02 21:22:44,5171,-0.24264526,0.9416046,0.31175232
2019-11-02 21:22:44,5181,-0.055160522,0.6891327,0.30322266
2019-11-02 21:22:44,5190,0.04284668,0.50590515,0.26701355
2019-11-02 21:22:44,5201,0.06840515,0.1415863,0.1764679
2019-11-02 21:22:44,5210,0.0066223145,-0.058685303,0.1381073
2019-11-02 21:22:44,5221,-0.11161804,-0.14602661,0.1381073
2019-11-02 21:22:44,5230,-0.14038086,-0.16520691,0.1487732
2019-11-02 21:22:44,5241,-0.32254028,-0.3399048,0.27659607
2019-11-02 21:22:44,5250,-0.37794495,-0.42726135,0.37886047
2019-11-02 21:22:44,5260,-0.38113403,-0.5082245,0.47686768
2019-11-02 21:22:44,5270,-0.32254028,-0.5103607,0.5588989
2019-11-02 21:22:44,5280,-0.23625183,-0.3878479,0.5865936
2019-11-02 21:22:44,5291,-0.14251709,-0.17585754,0.59510803
2019-11-02 21:22:44,5300,-0.008285522,0.10749817,0.62280273
2019-11-02 21:22:44,5310,0.0843811,0.20230103,0.57699585
2019-11-02 21:22:44,5321,0.1312561,0.04145813,0.47473145
2019-11-02 21:22:44,5330,0.19624329,-0.04057312,0.40016174
2019-11-02 21:22:44,5340,0.30915833,-0.20462036,0.259552
2019-11-02 21:22:44,5351,0.38798523,-0.4112854,0.10083008
2019-11-02 21:22:44,5360,0.4529724,-0.5934448,-0.055770874
2019-11-02 21:22:44,5370,0.49345398,-0.7170105,-0.19744873
2019-11-02 21:22:45,5380,0.526474,-0.6882477,-0.27095032
2019-11-02 21:22:45,5391,0.55630493,-0.5103607,-0.26669312
2019-11-02 21:22:45,5400,0.56907654,-0.30369568,-0.22514343
2019-11-02 21:22:45,5410,0.56163025,0.038253784,-0.13671875
2019-11-02 21:22:45,5420,0.51901245,0.2619629,-0.11329651
2019-11-02 21:22:45,5430,0.4764099,0.41429138,-0.114349365
2019-11-02 21:22:45,5441,0.45509338,0.45158386,-0.10795593
2019-11-02 21:22:45,5450,0.45083618,0.3887329,-0.106903076
2019-11-02 21:22:45,5460,0.44232178,0.25343323,-0.106903076
2019-11-02 21:22:45,5470,0.44018555,0.1138916,-0.13778687
2019-11-02 21:22:45,5480,0.4476471,0.028671265,-0.17294312
2019-11-02 21:22:45,5491,0.47106934,-0.020339966,-0.18466187
2019-11-02 21:22:45,5500,0.51368713,0.008422852,-0.15057373
2019-11-02 21:22:45,5510,0.54777527,0.046783447,-0.09411621
2019-11-02 21:22:45,5520,0.54244995,0.10536194,-0.036590576
2019-11-02 21:22:45,5530,0.5349884,0.2353363,0.014541626
2019-11-02 21:22:45,5540,0.5051575,0.32374573,0.05609131
2019-11-02 21:22:45,5550,0.4806671,0.32588196,0.070999146
2019-11-02 21:22:45,5560,0.35603333,0.23213196,0.07632446
2019-11-02 21:22:45,5571,0.26760864,0.15223694,0.057159424
2019-11-02 21:22:45,5580,0.19624329,0.08087158,0.02519226
2019-11-02 21:22:45,5590,0.1504364,0.0158844,-3.6621094E-4
2019-11-02 21:22:45,5600,0.12060547,-0.029922485,-0.012084961
2019-11-02 21:22:45,5610,0.086517334,-0.06187439,-0.018478394
2019-11-02 21:22:45,5620,0.076934814,-0.0544281,-0.018478394
2019-11-02 21:22:45,5631,0.08331299,-0.01713562,-0.007827759
2019-11-02 21:22:45,5640,0.09609985,0.01802063,0.0038909912
2019-11-02 21:22:45,5650,0.11953735,0.07022095,0.008148193
2019-11-02 21:22:45,5660,0.1589508,0.11921692,-3.6621094E-4
2019-11-02 21:22:45,5671,0.2015686,0.15756226,-0.0056915283
2019-11-02 21:22:45,5680,0.23777771,0.20657349,-0.011016846
2019-11-02 21:22:45,5690,0.2793274,0.2864685,-0.02168274
2019-11-02 21:22:45,5700,0.270813,0.31202698,-0.038726807
2019-11-02 21:22:45,5710,0.22180176,0.32588196,-0.051498413
2019-11-02 21:22:45,5720,0.15788269,0.34718323,-0.060028076
2019-11-02 21:22:45,5731,0.121673584,0.37913513,-0.05470276
2019-11-02 21:22:45,5740,0.13232422,0.41003418,-0.051498413
2019-11-02 21:22:45,5750,0.16748047,0.3887329,-0.04937744
2019-11-02 21:22:45,5760,0.19091797,0.3088379,-0.05256653
2019-11-02 21:22:45,5771,0.19197083,0.16821289,-0.04724121
2019-11-02 21:22:45,5780,0.16748047,0.05529785,-0.04724121
2019-11-02 21:22:45,5790,0.074798584,-0.09170532,-0.057891846
2019-11-02 21:22:45,5800,-0.049835205,-0.16841125,-0.0738678
2019-11-02 21:22:45,5811,-0.18511963,-0.21954346,-0.10583496
2019-11-02 21:22:45,5820,-0.2639618,-0.19078064,-0.14311218
2019-11-02 21:22:45,5830,-0.26715088,-0.12365723,-0.1867981
2019-11-02 21:22:45,5840,-0.2256012,-0.06933594,-0.23472595
2019-11-02 21:22:45,5850,-0.16914368,-0.060806274,-0.28585815
2019-11-02 21:22:45,5860,-0.12440491,-0.09384155,-0.3401947
2019-11-02 21:22:45,5871,-0.09564209,-0.121536255,-0.38812256
2019-11-02 21:22:45,5880,-0.07646179,-0.14283752,-0.41581726
2019-11-02 21:22:45,5890,-0.05303955,-0.15242004,-0.40516663
2019-11-02 21:22:45,5900,-0.023208618,-0.17160034,-0.3668213
2019-11-02 21:22:45,5911,0.014083862,-0.19290161,-0.30290222
2019-11-02 21:22:45,5920,0.065216064,-0.15881348,-0.23365784
2019-11-02 21:22:45,5930,0.098236084,-0.11088562,-0.18147278
2019-11-02 21:22:45,5940,0.07373047,-0.076797485,-0.16975403
2019-11-02 21:22:45,5950,-0.03492737,-0.086380005,-0.2144928
2019-11-02 21:22:45,5961,-0.26608276,-0.14709473,-0.33699036
2019-11-02 21:22:45,5970,-0.443985,-0.20462036,-0.4424591
2019-11-02 21:22:45,5980,-0.65597534,-0.24935913,-0.5852051
2019-11-02 21:22:45,5990,-0.7731476,-0.22059631,-0.6746826
2019-11-02 21:22:45,6000,-0.7688904,-0.12046814,-0.70983887
2019-11-02 21:22:45,6010,-0.65704346,0.0627594,-0.6927948
2019-11-02 21:22:45,6021,-0.43226624,0.42921448,-0.55963135
2019-11-02 21:22:45,6030,-0.2181549,0.74879456,-0.38386536
2019-11-02 21:22:45,6040,-0.05836487,0.950119,-0.22940063
2019-11-02 21:22:45,6050,0.11528015,1.0981903,-0.048309326
2019-11-02 21:22:45,6060,0.24098206,1.123764,0.070999146
2019-11-02 21:22:45,6070,0.36242676,1.0151062,0.1104126
2019-11-02 21:22:45,6081,0.41567993,0.7541199,0.041168213
2019-11-02 21:22:45,6090,0.41461182,0.47821045,-0.048309326
2019-11-02 21:22:45,6100,0.36029053,-0.029922485,-0.21556091
2019-11-02 21:22:45,6111,0.32299805,-0.3686676,-0.30290222
2019-11-02 21:22:45,6120,0.30490112,-0.52101135,-0.31887817
2019-11-02 21:22:45,6130,0.3027649,-0.5604248,-0.28160095
2019-11-02 21:22:45,6140,0.32939148,-0.37399292,-0.18572998
2019-11-02 21:22:45,6150,0.3634796,-0.100234985,-0.106903076
2019-11-02 21:22:45,6161,0.39544678,0.18739319,-0.03552246
2019-11-02 21:22:45,6170,0.41249084,0.3929901,7.019043E-4
2019-11-02 21:22:45,6180,0.41249084,0.6933899,0.043304443
2019-11-02 21:22:45,6190,0.41249084,0.8606415,0.031585693
2019-11-02 21:22:45,6200,0.56695557,0.7626343,-0.09623718
2019-11-02 21:22:45,6210,0.50942993,0.23745728,-0.23579407
2019-11-02 21:22:45,6221,0.4252777,-0.1407013,-0.30503845
2019-11-02 21:22:45,6230,0.34750366,-0.28771973,-0.30503845
2019-11-02 21:22:45,6240,0.2601471,-0.42407227,-0.29864502
2019-11-02 21:22:45,6250,0.14830017,-0.4815979,-0.2965088
2019-11-02 21:22:45,6260,0.022598267,-0.5348511,-0.29011536
2019-11-02 21:22:45,6270,-0.061553955,-0.5625458,-0.31143188
2019-11-02 21:22:45,6281,-0.054092407,-0.6051636,-0.29864502
2019-11-02 21:22:45,6291,0.023666382,-0.5604248,-0.24432373
2019-11-02 21:22:45,6300,0.1589508,-0.4336548,-0.18466187
2019-11-02 21:22:45,6311,0.24098206,-0.35057068,-0.15696716
2019-11-02 21:22:45,6320,0.24098206,-0.35057068,-0.15696716
2019-11-02 21:22:45,6331,0.24098206,-0.35057068,-0.15696716
2019-11-02 21:22:45,6340,0.24098206,-0.35057068,-0.15696716
2019-11-02 21:22:45,6351,0.24098206,-0.35057068,-0.15696716
2019-11-02 21:22:45,6360,0.24098206,-0.35057068,-0.15696716
2019-11-02 21:22:45,6370,0.24098206,-0.35057068,-0.15696716
2019-11-02 21:22:46,6381,0.24098206,-0.35057068,-0.15696716
2019-11-02 21:22:46,6390,0.24098206,-0.35057068,-0.15696716
